example_id,original_response_a_position,original_response_b_position,displayed_a_source,displayed_b_source
cultural_nigeria_036,B,A,original_response_b,original_response_a
cultural_pakistan_027,B,A,original_response_b,original_response_a
cultural_pakistan_049,A,B,original_response_a,original_response_b
cultural_nigeria_028,A,B,original_response_a,original_response_b
cultural_india_034,B,A,original_response_b,original_response_a
cultural_china_046,A,B,original_response_a,original_response_b
cultural_china_012,B,A,original_response_b,original_response_a
cultural_pakistan_020,A,B,original_response_a,original_response_b
cultural_india_036,B,A,original_response_b,original_response_a
cultural_india_026,B,A,original_response_b,original_response_a
cultural_pakistan_047,B,A,original_response_b,original_response_a
cultural_india_040,B,A,original_response_b,original_response_a
cultural_india_027,B,A,original_response_b,original_response_a
cultural_india_017,B,A,original_response_b,original_response_a
cultural_nigeria_023,A,B,original_response_a,original_response_b
cultural_china_039,B,A,original_response_b,original_response_a
cultural_nigeria_004,A,B,original_response_a,original_response_b
cultural_pakistan_024,A,B,original_response_a,original_response_b
cultural_china_041,A,B,original_response_a,original_response_b
cultural_pakistan_023,B,A,original_response_b,original_response_a
cultural_china_019,B,A,original_response_b,original_response_a
cultural_pakistan_012,B,A,original_response_b,original_response_a
cultural_india_021,B,A,original_response_b,original_response_a
cultural_nigeria_015,A,B,original_response_a,original_response_b
cultural_china_004,A,B,original_response_a,original_response_b
cultural_pakistan_028,A,B,original_response_a,original_response_b
cultural_pakistan_011,B,A,original_response_b,original_response_a
cultural_india_018,A,B,original_response_a,original_response_b
cultural_india_033,A,B,original_response_a,original_response_b
cultural_china_011,A,B,original_response_a,original_response_b
cultural_pakistan_040,A,B,original_response_a,original_response_b
cultural_pakistan_017,A,B,original_response_a,original_response_b
cultural_china_048,B,A,original_response_b,original_response_a
cultural_china_050,B,A,original_response_b,original_response_a
cultural_nigeria_022,B,A,original_response_b,original_response_a
cultural_nigeria_007,A,B,original_response_a,original_response_b
cultural_china_029,B,A,original_response_b,original_response_a
cultural_india_020,A,B,original_response_a,original_response_b
cultural_nigeria_044,B,A,original_response_b,original_response_a
cultural_india_049,A,B,original_response_a,original_response_b
cultural_nigeria_017,A,B,original_response_a,original_response_b
cultural_pakistan_015,B,A,original_response_b,original_response_a
cultural_china_031,A,B,original_response_a,original_response_b
cultural_nigeria_034,B,A,original_response_b,original_response_a
cultural_nigeria_042,A,B,original_response_a,original_response_b
cultural_china_008,A,B,original_response_a,original_response_b
cultural_pakistan_030,B,A,original_response_b,original_response_a
cultural_nigeria_014,A,B,original_response_a,original_response_b
cultural_china_042,A,B,original_response_a,original_response_b
cultural_india_047,B,A,original_response_b,original_response_a
